Fund Name,P1,P2,P3,P4,P5,Topsis Score,Rank
M1,0.95,0.9,5.8,55.7,15.84,0.565340410556616,3.0
M2,0.84,0.71,5.9,56.1,15.89,0.6730052764517709,2.0
M3,0.65,0.42,4.3,50.6,13.99,0.5199045637396383,5.0
M4,0.66,0.44,3.7,57.1,15.48,0.47767926687144957,7.0
M5,0.63,0.4,6.3,56.6,15.98,0.7801974138882678,1.0
M6,0.71,0.5,5.0,39.5,11.43,0.5344562891206053,4.0
M7,0.72,0.52,4.6,41.5,11.84,0.4778767663350388,6.0
M8,0.72,0.52,3.6,33.8,9.66,0.33820752656322745,8.0
